<?xml version="1.0"?>
<data grt_format="2.0">
  <value _ptr_="000000001E5FE870" type="list" content-type="object" content-struct-name="db.mgmt.Connection">
    <value type="object" struct-name="db.mgmt.Connection" id="{E14F23D2-AA4A-45A1-81DB-DFBE9296ADFD}" struct-checksum="0x96ba47d8">
      <link type="object" struct-name="db.mgmt.Driver" key="driver">com.mysql.rdbms.mysql.driver.native</link>
      <value type="string" key="hostIdentifier">Mysql@dev.btcrelax.xyz:3306</value>
      <value type="int" key="isDefault">0</value>
      <value _ptr_="0000000024735770" type="dict" key="modules"/>
      <value _ptr_="000000002473EB50" type="dict" key="parameterValues">
        <value type="int" key="CollectPerfSchemaStatsForQueries">1</value>
        <value type="string" key="DbSqlEditor:LastDefaultSchema">fastfen1</value>
        <value type="string" key="SQL_MODE"></value>
        <value type="string" key="hostName">dev.btcrelax.xyz</value>
        <value type="int" key="lastConnected">1483463220</value>
        <value type="string" key="password"></value>
        <value type="int" key="port">3306</value>
        <value type="string" key="schema"></value>
        <value type="string" key="serverVersion">10.1.16-MariaDB</value>
        <value type="string" key="sslCA"></value>
        <value type="string" key="sslCert"></value>
        <value type="string" key="sslCipher"></value>
        <value type="string" key="sslKey"></value>
        <value type="int" key="useSSL">1</value>
        <value type="string" key="userName">root</value>
      </value>
      <value type="string" key="name">Dev/dev</value>
      <link type="object" struct-name="GrtObject" key="owner">{B1B1A52B-E20F-486F-8329-A46D070A3DFE}</link>
    </value>
    <value type="object" struct-name="db.mgmt.Connection" id="{6608A514-660C-4ABA-A166-B0766ECC7F0D}" struct-checksum="0x96ba47d8">
      <link type="object" struct-name="db.mgmt.Driver" key="driver">com.mysql.rdbms.mysql.driver.native_sshtun</link>
      <value type="string" key="hostIdentifier">Mysql@127.0.0.1:3306@server231.web-hosting.com:21098</value>
      <value type="int" key="isDefault">1</value>
      <value _ptr_="000000002473EBC0" type="dict" key="modules"/>
      <value _ptr_="0000000024740210" type="dict" key="parameterValues">
        <value type="string" key="DbSqlEditor:LastDefaultSchema">fastksjq_fastfen1</value>
        <value type="string" key="SQL_MODE"></value>
        <value type="string" key="hostName">127.0.0.1</value>
        <value type="int" key="lastConnected">1491959985</value>
        <value type="string" key="password"></value>
        <value type="int" key="port">3306</value>
        <value type="string" key="schema">fastksjq_fastfen1</value>
        <value type="string" key="serverVersion">10.1.21-MariaDB-cll-lve</value>
        <value type="string" key="sshHost">server231.web-hosting.com:21098</value>
        <value type="string" key="sshKeyFile"></value>
        <value type="string" key="sshPassword"></value>
        <value type="string" key="sshUserName">fastksjq</value>
        <value type="string" key="sslCA"></value>
        <value type="string" key="sslCert"></value>
        <value type="string" key="sslCipher"></value>
        <value type="string" key="sslKey"></value>
        <value type="int" key="useSSL">1</value>
        <value type="string" key="userName">fastksjq_admin</value>
      </value>
      <value type="string" key="name">BtcRelax/ProdFastFen</value>
      <link type="object" struct-name="GrtObject" key="owner">{B1B1A52B-E20F-486F-8329-A46D070A3DFE}</link>
    </value>
    <value type="object" struct-name="db.mgmt.Connection" id="{C3009320-80FE-4DB7-9ED4-6FB8C2595250}" struct-checksum="0x96ba47d8">
      <link type="object" struct-name="db.mgmt.Driver" key="driver">com.mysql.rdbms.mysql.driver.native_sshtun</link>
      <value type="string" key="hostIdentifier">Mysql@127.0.0.1:3306@server171.web-hosting.com:21098</value>
      <value type="int" key="isDefault">0</value>
      <value _ptr_="000000002473F9C0" type="dict" key="modules"/>
      <value _ptr_="000000002473F720" type="dict" key="parameterValues">
        <value type="string" key="DbSqlEditor:LastDefaultSchema">bitghluk_prod_v2</value>
        <value type="string" key="SQL_MODE"></value>
        <value type="string" key="hostName">127.0.0.1</value>
        <value type="int" key="lastConnected">1492046728</value>
        <value type="string" key="password"></value>
        <value type="int" key="port">3306</value>
        <value type="string" key="schema"></value>
        <value type="string" key="serverVersion">5.5.54-cll-lve</value>
        <value type="string" key="sshHost">server171.web-hosting.com:21098</value>
        <value type="string" key="sshKeyFile"></value>
        <value type="string" key="sshPassword"></value>
        <value type="string" key="sshUserName">bitghluk</value>
        <value type="string" key="sslCA"></value>
        <value type="string" key="sslCert"></value>
        <value type="string" key="sslCipher"></value>
        <value type="string" key="sslKey"></value>
        <value type="int" key="useSSL">1</value>
        <value type="string" key="userName">bitghluk_admin</value>
      </value>
      <value type="string" key="name">BtcRelax/ProdBitganj</value>
      <link type="object" struct-name="GrtObject" key="owner">{B1B1A52B-E20F-486F-8329-A46D070A3DFE}</link>
    </value>
    <value type="object" struct-name="db.mgmt.Connection" id="{D9AAAB1B-3B35-4953-9388-F5F75B0A2D43}" struct-checksum="0x96ba47d8">
      <link type="object" struct-name="db.mgmt.Driver" key="driver">com.mysql.rdbms.mysql.driver.native</link>
      <value type="string" key="hostIdentifier">Mysql@dev.btcrelax.xyz:3306</value>
      <value type="int" key="isDefault">0</value>
      <value _ptr_="000000002473F480" type="dict" key="modules"/>
      <value _ptr_="00000000247406E0" type="dict" key="parameterValues">
        <value type="string" key="DbSqlEditor:LastDefaultSchema">fastksjq_fastfen1</value>
        <value type="string" key="SQL_MODE"></value>
        <value type="string" key="hostName">dev.btcrelax.xyz</value>
        <value type="int" key="lastConnected">1492119932</value>
        <value type="string" key="password"></value>
        <value type="int" key="port">3306</value>
        <value type="string" key="schema"></value>
        <value type="string" key="serverVersion">10.1.16-MariaDB</value>
        <value type="string" key="sslCA"></value>
        <value type="string" key="sslCert"></value>
        <value type="string" key="sslCipher"></value>
        <value type="string" key="sslKey"></value>
        <value type="int" key="useSSL">1</value>
        <value type="string" key="userName">ident</value>
      </value>
      <value type="string" key="name">BtcRelax/Ident</value>
      <link type="object" struct-name="GrtObject" key="owner">{B1B1A52B-E20F-486F-8329-A46D070A3DFE}</link>
    </value>
  </value>
</data>
