<?xml version="1.0"?>
<data grt_format="2.0">
  <value _ptr_="088559C8" type="list" content-type="object" content-struct-name="db.mgmt.Connection">
    <value type="object" struct-name="db.mgmt.Connection" id="{E14F23D2-AA4A-45A1-81DB-DFBE9296ADFD}" struct-checksum="0x96ba47d8">
      <link type="object" struct-name="db.mgmt.Driver" key="driver">com.mysql.rdbms.mysql.driver.native</link>
      <value type="string" key="hostIdentifier">Mysql@dev.btcrelax.xyz:3306</value>
      <value type="int" key="isDefault">0</value>
      <value _ptr_="0B9A6540" type="dict" key="modules"/>
      <value _ptr_="0B9A6300" type="dict" key="parameterValues">
        <value type="int" key="CollectPerfSchemaStatsForQueries">1</value>
        <value type="string" key="DbSqlEditor:LastDefaultSchema">fastfen1</value>
        <value type="string" key="SQL_MODE"></value>
        <value type="string" key="hostName">dev.btcrelax.xyz</value>
        <value type="int" key="lastConnected">1483463220</value>
        <value type="string" key="password"></value>
        <value type="int" key="port">3306</value>
        <value type="string" key="schema"></value>
        <value type="string" key="serverVersion">10.1.16-MariaDB</value>
        <value type="string" key="sslCA"></value>
        <value type="string" key="sslCert"></value>
        <value type="string" key="sslCipher"></value>
        <value type="string" key="sslKey"></value>
        <value type="int" key="useSSL">1</value>
        <value type="string" key="userName">root</value>
      </value>
      <value type="string" key="name">Dev/dev</value>
      <link type="object" struct-name="GrtObject" key="owner">{5EFCA9C1-C6AA-445F-9CC1-D49CA2C8CDA1}</link>
    </value>
    <value type="object" struct-name="db.mgmt.Connection" id="{BB3750BA-ECED-4562-8047-4B06DA42AC00}" struct-checksum="0x96ba47d8">
      <link type="object" struct-name="db.mgmt.Driver" key="driver">com.mysql.rdbms.mysql.driver.native</link>
      <value type="string" key="hostIdentifier">Mysql@srv:3306</value>
      <value type="int" key="isDefault">0</value>
      <value _ptr_="0B9A64C0" type="dict" key="modules"/>
      <value _ptr_="0B9A6580" type="dict" key="parameterValues">
        <value type="string" key="DbSqlEditor:LastDefaultSchema"></value>
        <value type="int" key="OPT_READ_TIMEOUT">300</value>
        <value type="string" key="SQL_MODE"></value>
        <value type="string" key="hostName">srv</value>
        <value type="int" key="lastConnected">1444512072</value>
        <value type="string" key="password"></value>
        <value type="int" key="port">3306</value>
        <value type="string" key="schema"></value>
        <value type="string" key="serverVersion">5.6.26-log</value>
        <value type="string" key="sslCA"></value>
        <value type="string" key="sslCert"></value>
        <value type="string" key="sslCipher"></value>
        <value type="string" key="sslKey"></value>
        <value type="int" key="useSSL">1</value>
        <value type="string" key="userName">Vlad</value>
      </value>
      <value type="string" key="name">HomeDB</value>
      <link type="object" struct-name="GrtObject" key="owner">{5EFCA9C1-C6AA-445F-9CC1-D49CA2C8CDA1}</link>
    </value>
    <value type="object" struct-name="db.mgmt.Connection" id="{A1451CFB-3AD9-41B6-A2B9-D39EB488308A}" struct-checksum="0x96ba47d8">
      <link type="object" struct-name="db.mgmt.Driver" key="driver">com.mysql.rdbms.mysql.driver.native</link>
      <value type="string" key="hostIdentifier">Mysql@srv:3306</value>
      <value type="int" key="isDefault">0</value>
      <value _ptr_="0B9A65C0" type="dict" key="modules"/>
      <value _ptr_="0B9A6600" type="dict" key="parameterValues">
        <value type="string" key="DbSqlEditor:LastDefaultSchema">test</value>
        <value type="int" key="OPT_READ_TIMEOUT">300</value>
        <value type="string" key="SQL_MODE"></value>
        <value type="string" key="hostName">srv</value>
        <value type="int" key="lastConnected">1443665979</value>
        <value type="string" key="password"></value>
        <value type="int" key="port">3306</value>
        <value type="string" key="schema"></value>
        <value type="string" key="serverVersion">5.6.26-log</value>
        <value type="string" key="sslCA"></value>
        <value type="string" key="sslCert"></value>
        <value type="string" key="sslCipher"></value>
        <value type="string" key="sslKey"></value>
        <value type="int" key="useSSL">1</value>
        <value type="string" key="userName">Vlad</value>
      </value>
      <value type="string" key="name">HomeDB (TNF)</value>
      <link type="object" struct-name="GrtObject" key="owner">{5EFCA9C1-C6AA-445F-9CC1-D49CA2C8CDA1}</link>
    </value>
    <value type="object" struct-name="db.mgmt.Connection" id="{79D9B1D2-D9E9-49A0-903C-1AE1B26A14E6}" struct-checksum="0x96ba47d8">
      <link type="object" struct-name="db.mgmt.Driver" key="driver">com.mysql.rdbms.mysql.driver.native</link>
      <value type="string" key="hostIdentifier">Mysql@sql2.freesqldatabase.com:3306</value>
      <value type="int" key="isDefault">0</value>
      <value _ptr_="0B9A6640" type="dict" key="modules"/>
      <value _ptr_="0B9A6680" type="dict" key="parameterValues">
        <value type="string" key="DbSqlEditor:LastDefaultSchema">sql293572</value>
        <value type="string" key="SQL_MODE"></value>
        <value type="string" key="hostName">sql2.freesqldatabase.com</value>
        <value type="int" key="lastConnected">1445599375</value>
        <value type="string" key="password"></value>
        <value type="int" key="port">3306</value>
        <value type="string" key="serverVersion">5.5.43-0ubuntu0.12.04.1</value>
        <value type="string" key="sslCA"></value>
        <value type="string" key="sslCert"></value>
        <value type="string" key="sslCipher"></value>
        <value type="string" key="sslKey"></value>
        <value type="int" key="useSSL">1</value>
        <value type="string" key="userName">sql293572</value>
      </value>
      <value type="string" key="name">FreeTest</value>
      <link type="object" struct-name="GrtObject" key="owner">{5EFCA9C1-C6AA-445F-9CC1-D49CA2C8CDA1}</link>
    </value>
    <value type="object" struct-name="db.mgmt.Connection" id="{0878D5CE-E51C-4612-A0BB-F5858E4DE754}" struct-checksum="0x96ba47d8">
      <link type="object" struct-name="db.mgmt.Driver" key="driver">com.mysql.rdbms.mysql.driver.native_socket</link>
      <value type="string" key="hostIdentifier">Mysql@local:</value>
      <value type="int" key="isDefault">0</value>
      <value _ptr_="0B9A66C0" type="dict" key="modules"/>
      <value _ptr_="0B9A6700" type="dict" key="parameterValues">
        <value type="string" key="DbSqlEditor:LastDefaultSchema">jahtemplev2</value>
        <value type="string" key="SQL_MODE"></value>
        <value type="string" key="hostName">127.0.0.1</value>
        <value type="int" key="lastConnected">1448024843</value>
        <value type="string" key="password"></value>
        <value type="string" key="serverVersion">5.7.9-log</value>
        <value type="string" key="socket"></value>
        <value type="string" key="sslCA"></value>
        <value type="string" key="sslCert"></value>
        <value type="string" key="sslCipher"></value>
        <value type="string" key="sslKey"></value>
        <value type="int" key="useSSL">1</value>
        <value type="string" key="userName">root</value>
      </value>
      <value type="string" key="name">JobLocal</value>
      <link type="object" struct-name="GrtObject" key="owner">{5EFCA9C1-C6AA-445F-9CC1-D49CA2C8CDA1}</link>
    </value>
    <value type="object" struct-name="db.mgmt.Connection" id="{914E4D2A-4351-4981-8666-DD762DA76531}" struct-checksum="0x96ba47d8">
      <link type="object" struct-name="db.mgmt.Driver" key="driver">com.mysql.rdbms.mysql.driver.native</link>
      <value type="string" key="hostIdentifier">Mysql@127.0.0.1:3306</value>
      <value type="int" key="isDefault">0</value>
      <value _ptr_="0B9A6740" type="dict" key="modules"/>
      <value _ptr_="0B9A6780" type="dict" key="parameterValues">
        <value type="int" key="CollectPerfSchemaStatsForQueries">1</value>
        <value type="string" key="DbSqlEditor:LastDefaultSchema">bitghluk_prod</value>
        <value type="string" key="SQL_MODE"></value>
        <value type="string" key="hostName">127.0.0.1</value>
        <value type="int" key="lastConnected">1470738308</value>
        <value type="string" key="password"></value>
        <value type="int" key="port">3306</value>
        <value type="string" key="serverVersion">10.1.13-MariaDB</value>
        <value type="string" key="sslCA"></value>
        <value type="string" key="sslCert"></value>
        <value type="string" key="sslCipher"></value>
        <value type="string" key="sslKey"></value>
        <value type="int" key="useSSL">1</value>
        <value type="string" key="userName">root</value>
      </value>
      <value type="string" key="name">loclhost</value>
      <link type="object" struct-name="GrtObject" key="owner">{5EFCA9C1-C6AA-445F-9CC1-D49CA2C8CDA1}</link>
    </value>
    <value type="object" struct-name="db.mgmt.Connection" id="{102001FF-3C6F-4A2F-8785-3B2340FFDFC9}" struct-checksum="0x96ba47d8">
      <link type="object" struct-name="db.mgmt.Driver" key="driver">com.mysql.rdbms.mysql.driver.native</link>
      <value type="string" key="hostIdentifier">Mysql@10.189.21.226:3306</value>
      <value type="int" key="isDefault">0</value>
      <value _ptr_="0B9A6B40" type="dict" key="modules"/>
      <value _ptr_="0B9A7300" type="dict" key="parameterValues">
        <value type="string" key="SQL_MODE"></value>
        <value type="string" key="hostName">10.189.21.226</value>
        <value type="int" key="lastConnected">1489748903</value>
        <value type="string" key="password"></value>
        <value type="int" key="port">3306</value>
        <value type="string" key="serverVersion">5.6.35-ndb-7.4.14-cluster-gpl-log</value>
        <value type="string" key="sslCA"></value>
        <value type="string" key="sslCert"></value>
        <value type="string" key="sslCipher"></value>
        <value type="string" key="sslKey"></value>
        <value type="int" key="useSSL">1</value>
        <value type="string" key="userName">vgluhov</value>
      </value>
      <value type="string" key="name">SMBP</value>
      <link type="object" struct-name="GrtObject" key="owner">{5EFCA9C1-C6AA-445F-9CC1-D49CA2C8CDA1}</link>
    </value>
    <value type="object" struct-name="db.mgmt.Connection" id="{6608A514-660C-4ABA-A166-B0766ECC7F0D}" struct-checksum="0x96ba47d8">
      <link type="object" struct-name="db.mgmt.Driver" key="driver">com.mysql.rdbms.mysql.driver.native_sshtun</link>
      <value type="string" key="hostIdentifier">Mysql@127.0.0.1:3306@server231.web-hosting.com:21098</value>
      <value type="int" key="isDefault">0</value>
      <value _ptr_="0B9A7340" type="dict" key="modules"/>
      <value _ptr_="0B9A7100" type="dict" key="parameterValues">
        <value type="string" key="DbSqlEditor:LastDefaultSchema">fastksjq_fastfen1</value>
        <value type="string" key="SQL_MODE"></value>
        <value type="string" key="hostName">127.0.0.1</value>
        <value type="int" key="lastConnected">1489677976</value>
        <value type="string" key="password"></value>
        <value type="int" key="port">3306</value>
        <value type="string" key="schema">fastksjq_fastfen1</value>
        <value type="string" key="serverVersion">10.1.21-MariaDB-cll-lve</value>
        <value type="string" key="sshHost">server231.web-hosting.com:21098</value>
        <value type="string" key="sshKeyFile"></value>
        <value type="string" key="sshPassword"></value>
        <value type="string" key="sshUserName">fastksjq</value>
        <value type="string" key="sslCA"></value>
        <value type="string" key="sslCert"></value>
        <value type="string" key="sslCipher"></value>
        <value type="string" key="sslKey"></value>
        <value type="int" key="useSSL">1</value>
        <value type="string" key="userName">fastksjq_admin</value>
      </value>
      <value type="string" key="name">BtcRelax/ProdFastFen</value>
      <link type="object" struct-name="GrtObject" key="owner">{5EFCA9C1-C6AA-445F-9CC1-D49CA2C8CDA1}</link>
    </value>
    <value type="object" struct-name="db.mgmt.Connection" id="{C3009320-80FE-4DB7-9ED4-6FB8C2595250}" struct-checksum="0x96ba47d8">
      <link type="object" struct-name="db.mgmt.Driver" key="driver">com.mysql.rdbms.mysql.driver.native_sshtun</link>
      <value type="string" key="hostIdentifier">Mysql@127.0.0.1:3306@server171.web-hosting.com:21098</value>
      <value type="int" key="isDefault">0</value>
      <value _ptr_="0B9A75C0" type="dict" key="modules"/>
      <value _ptr_="0B9A7440" type="dict" key="parameterValues">
        <value type="string" key="DbSqlEditor:LastDefaultSchema"></value>
        <value type="string" key="SQL_MODE"></value>
        <value type="string" key="hostName">127.0.0.1</value>
        <value type="int" key="lastConnected">1490013730</value>
        <value type="string" key="password"></value>
        <value type="int" key="port">3306</value>
        <value type="string" key="schema"></value>
        <value type="string" key="serverVersion">5.5.54-cll-lve</value>
        <value type="string" key="sshHost">server171.web-hosting.com:21098</value>
        <value type="string" key="sshKeyFile"></value>
        <value type="string" key="sshPassword"></value>
        <value type="string" key="sshUserName">bitghluk</value>
        <value type="string" key="sslCA"></value>
        <value type="string" key="sslCert"></value>
        <value type="string" key="sslCipher"></value>
        <value type="string" key="sslKey"></value>
        <value type="int" key="useSSL">1</value>
        <value type="string" key="userName">bitghluk_admin</value>
      </value>
      <value type="string" key="name">BtcRelax/ProdBitganj</value>
      <link type="object" struct-name="GrtObject" key="owner">{5EFCA9C1-C6AA-445F-9CC1-D49CA2C8CDA1}</link>
    </value>
    <value type="object" struct-name="db.mgmt.Connection" id="{D9AAAB1B-3B35-4953-9388-F5F75B0A2D43}" struct-checksum="0x96ba47d8">
      <link type="object" struct-name="db.mgmt.Driver" key="driver">com.mysql.rdbms.mysql.driver.native</link>
      <value type="string" key="hostIdentifier">Mysql@dev.btcrelax.xyz:3306</value>
      <value type="int" key="isDefault">1</value>
      <value _ptr_="0B9A74C0" type="dict" key="modules"/>
      <value _ptr_="0B9A7600" type="dict" key="parameterValues">
        <value type="string" key="DbSqlEditor:LastDefaultSchema">Ident</value>
        <value type="string" key="SQL_MODE"></value>
        <value type="string" key="hostName">dev.btcrelax.xyz</value>
        <value type="int" key="lastConnected">1490023676</value>
        <value type="string" key="password"></value>
        <value type="int" key="port">3306</value>
        <value type="string" key="schema"></value>
        <value type="string" key="serverVersion">10.1.16-MariaDB</value>
        <value type="string" key="sslCA"></value>
        <value type="string" key="sslCert"></value>
        <value type="string" key="sslCipher"></value>
        <value type="string" key="sslKey"></value>
        <value type="int" key="useSSL">1</value>
        <value type="string" key="userName">ident</value>
      </value>
      <value type="string" key="name">BtcRelax/Ident</value>
      <link type="object" struct-name="GrtObject" key="owner">{5EFCA9C1-C6AA-445F-9CC1-D49CA2C8CDA1}</link>
    </value>
  </value>
</data>
