<?xml version="1.0"?>
<data grt_format="2.0">
  <value _ptr_="000000001E5FE950" type="list" content-type="object" content-struct-name="db.mgmt.ServerInstance">
    <value type="object" struct-name="db.mgmt.ServerInstance" id="{FFAB9C01-2B97-4976-A4AE-7A7B2ED64BA7}" struct-checksum="0x367436e2">
      <link type="object" struct-name="db.mgmt.Connection" key="connection">{E14F23D2-AA4A-45A1-81DB-DFBE9296ADFD}</link>
      <value _ptr_="0000000024734E40" type="dict" key="loginInfo">
        <value type="string" key="ssh.hostName">dev.btcrelax.xyz</value>
        <value type="string" key="ssh.port">22</value>
        <value type="string" key="ssh.tunnelPort">22</value>
        <value type="string" key="ssh.userName">root</value>
      </value>
      <value _ptr_="000000002473C8C0" type="dict" key="serverInfo">
        <value type="string" key="basedir">/usr</value>
        <value type="string" key="datadir">/var/lib/mysql/</value>
        <value type="string" key="detected_os_name">Linux</value>
        <value type="string" key="detected_os_type">linux</value>
        <value type="string" key="detected_os_variant">Debian</value>
        <value type="string" key="detected_os_version">8.2</value>
        <value type="int" key="generalLogEnabled">1</value>
        <value type="string" key="generalLogFilePath">/var/log/mysql/mysql.log</value>
        <value type="string" key="logOutput">FILE</value>
        <value type="int" key="remoteAdmin">1</value>
        <value type="string" key="serverVersion">10.1.16-MariaDB</value>
        <value type="int" key="setupPending">0</value>
        <value type="string" key="slowLogFilePath">/var/lib/mysql/dev-slow.log</value>
        <value type="string" key="sys.config.path">/etc/mysql/my.cnf</value>
        <value type="string" key="sys.config.section">mysqld</value>
        <value type="string" key="sys.mysqld.start">start mysql</value>
        <value type="string" key="sys.mysqld.stop">stop mysql</value>
        <value type="string" key="sys.preset">Ubuntu Linux (MySQL Package)</value>
        <value type="string" key="sys.sudo"></value>
        <value type="string" key="sys.system">Linux</value>
        <value type="int" key="sys.usesu">1</value>
        <value type="int" key="sys.usesudo">1</value>
        <value type="int" key="sys.usesudostatus">0</value>
      </value>
      <value type="string" key="name">dev</value>
    </value>
    <value type="object" struct-name="db.mgmt.ServerInstance" id="{9E1411DD-CC2E-4671-80E3-7B47616931A4}" struct-checksum="0x367436e2">
      <link type="object" struct-name="db.mgmt.Connection" key="connection">{D9AAAB1B-3B35-4953-9388-F5F75B0A2D43}</link>
      <value _ptr_="000000002473BF20" type="dict" key="loginInfo"/>
      <value _ptr_="000000002473BC80" type="dict" key="serverInfo">
        <value type="string" key="serverVersion">10.1.16-MariaDB</value>
        <value type="int" key="setupPending">0</value>
        <value type="string" key="sys.sudo"></value>
      </value>
      <value type="string" key="name">Ident</value>
    </value>
    <value type="object" struct-name="db.mgmt.ServerInstance" id="{80081A9E-045C-44B2-8BB3-17AC34DA60C4}" struct-checksum="0x367436e2">
      <link type="object" struct-name="db.mgmt.Connection" key="connection">{6608A514-660C-4ABA-A166-B0766ECC7F0D}</link>
      <value _ptr_="000000002473D0A0" type="dict" key="loginInfo"/>
      <value _ptr_="000000002473BF90" type="dict" key="serverInfo">
        <value type="int" key="setupPending">0</value>
        <value type="string" key="sys.sudo"></value>
      </value>
      <value type="string" key="name">BtcRelax/ProdFastFen</value>
    </value>
    <value type="object" struct-name="db.mgmt.ServerInstance" id="{52B426D5-EF36-42D5-8F3C-FBEE3E7B9559}" struct-checksum="0x367436e2">
      <link type="object" struct-name="db.mgmt.Connection" key="connection">{C3009320-80FE-4DB7-9ED4-6FB8C2595250}</link>
      <value _ptr_="000000002473D420" type="dict" key="loginInfo"/>
      <value _ptr_="000000002473D110" type="dict" key="serverInfo">
        <value type="string" key="serverVersion">5.5.54-cll-lve</value>
        <value type="int" key="setupPending">0</value>
        <value type="string" key="sys.sudo"></value>
        <value type="int" key="sys.usesudo">0</value>
        <value type="int" key="sys.usesudostatus">0</value>
      </value>
      <value type="string" key="name">BtcRelax/ProdBitganj</value>
    </value>
  </value>
</data>
