<?xml version="1.0"?>
<data grt_format="2.0">
  <value _ptr_="08855A10" type="list" content-type="object" content-struct-name="db.mgmt.ServerInstance">
    <value type="object" struct-name="db.mgmt.ServerInstance" id="{EA6407E8-7EDE-40EE-BC35-0A0E426BCE84}" struct-checksum="0x367436e2">
      <link type="object" struct-name="db.mgmt.Connection" key="connection">{BB3750BA-ECED-4562-8047-4B06DA42AC00}</link>
      <value _ptr_="0B9A7B00" type="dict" key="loginInfo">
        <value type="string" key="wmi.hostName">srv</value>
        <value type="string" key="wmi.userName">Vlad</value>
      </value>
      <value _ptr_="0B9A79C0" type="dict" key="serverInfo">
        <value type="string" key="basedir">C:\Program Files\MySQL\MySQL Server 5.6\</value>
        <value type="string" key="datadir">C:\ProgramData\MySQL\MySQL Server 5.6\Data\</value>
        <value type="string" key="errorLogFilePath">SRV.err</value>
        <value type="string" key="generalLogFilePath">SRV.log</value>
        <value type="string" key="logOutput">FILE</value>
        <value type="string" key="serverVersion">5.6.26-log</value>
        <value type="int" key="setupPending">0</value>
        <value type="int" key="slowLogEnabled">1</value>
        <value type="string" key="slowLogFilePath">SRV-slow.log</value>
        <value type="string" key="sys.config.path">%ProgramFiles%\MySQL\MySQL Server 5.0\my.ini</value>
        <value type="string" key="sys.config.section">mysqld</value>
        <value type="string" key="sys.mysqld.service_name">MySQL</value>
        <value type="string" key="sys.mysqld.start">sc start mysql</value>
        <value type="string" key="sys.mysqld.stop">sc stop mysql</value>
        <value type="string" key="sys.preset">Windows (MySQL 5.0 x64 Installer Package)</value>
        <value type="string" key="sys.sudo"></value>
        <value type="string" key="sys.system">Windows</value>
        <value type="int" key="sys.usesudo">1</value>
        <value type="int" key="sys.usesudostatus">0</value>
        <value type="int" key="windowsAdmin">1</value>
      </value>
      <value type="string" key="name">HomeDB</value>
    </value>
    <value type="object" struct-name="db.mgmt.ServerInstance" id="{8525B5C5-CD1F-4DD6-ABEE-DC5034B09C79}" struct-checksum="0x367436e2">
      <link type="object" struct-name="db.mgmt.Connection" key="connection">{A1451CFB-3AD9-41B6-A2B9-D39EB488308A}</link>
      <value _ptr_="0B9A8380" type="dict" key="loginInfo">
        <value type="string" key="wmi.hostName">srv</value>
        <value type="string" key="wmi.userName">Vlad</value>
      </value>
      <value _ptr_="0B9A6400" type="dict" key="serverInfo">
        <value type="string" key="basedir">C:\Program Files\MySQL\MySQL Server 5.6\</value>
        <value type="string" key="datadir">C:\ProgramData\MySQL\MySQL Server 5.6\Data\</value>
        <value type="string" key="errorLogFilePath">SRV.err</value>
        <value type="string" key="generalLogFilePath">SRV.log</value>
        <value type="string" key="logOutput">FILE</value>
        <value type="string" key="serverVersion">5.6.26-log</value>
        <value type="int" key="setupPending">0</value>
        <value type="int" key="slowLogEnabled">1</value>
        <value type="string" key="slowLogFilePath">SRV-slow.log</value>
        <value type="string" key="sys.config.path">%ProgramFiles%\MySQL\MySQL Server 5.0\my.ini</value>
        <value type="string" key="sys.config.section">mysqld</value>
        <value type="string" key="sys.mysqld.service_name">MySQL</value>
        <value type="string" key="sys.mysqld.start">sc start mysql</value>
        <value type="string" key="sys.mysqld.stop">sc stop mysql</value>
        <value type="string" key="sys.preset">Windows (MySQL 5.0 x64 Installer Package)</value>
        <value type="string" key="sys.sudo"></value>
        <value type="string" key="sys.system">Windows</value>
        <value type="int" key="sys.usesudo">1</value>
        <value type="int" key="sys.usesudostatus">0</value>
        <value type="int" key="windowsAdmin">1</value>
      </value>
      <value type="string" key="name">HomeDB (TNF)</value>
    </value>
    <value type="object" struct-name="db.mgmt.ServerInstance" id="{DA33C835-975C-47F0-83FD-6B209C7CAEDB}" struct-checksum="0x367436e2">
      <link type="object" struct-name="db.mgmt.Connection" key="connection">{79D9B1D2-D9E9-49A0-903C-1AE1B26A14E6}</link>
      <value _ptr_="0B9A7200" type="dict" key="loginInfo"/>
      <value _ptr_="0D7E5890" type="dict" key="serverInfo">
        <value type="int" key="setupPending">0</value>
        <value type="string" key="sys.sudo"></value>
      </value>
      <value type="string" key="name">FreeTest</value>
    </value>
    <value type="object" struct-name="db.mgmt.ServerInstance" id="{D381B59F-5148-4A45-857D-FADF89EECAC1}" struct-checksum="0x367436e2">
      <link type="object" struct-name="db.mgmt.Connection" key="connection">{0878D5CE-E51C-4612-A0BB-F5858E4DE754}</link>
      <value _ptr_="0D7E5910" type="dict" key="loginInfo">
        <value type="string" key="ssh.hostName"></value>
        <value type="string" key="ssh.key">C:\Users\VGluhov\AppData\Roaming/.ssh/ssh_private_key</value>
        <value type="string" key="ssh.localPort">3306</value>
        <value type="int" key="ssh.useKey">0</value>
        <value type="string" key="ssh.userName">mysql</value>
      </value>
      <value _ptr_="0BA4B848" type="dict" key="serverInfo">
        <value type="string" key="basedir">C:\Program Files\MySQL\MySQL Server 5.7\</value>
        <value type="string" key="datadir">C:\ProgramData\MySQL\MySQL Server 5.7\Data\</value>
        <value type="string" key="errorLogFilePath">STS-KEV-NB-0005.err</value>
        <value type="string" key="generalLogFilePath">STS-KEV-NB-0005.log</value>
        <value type="string" key="serverVersion">5.7.9-log</value>
        <value type="int" key="setupPending">1</value>
        <value type="int" key="slowLogEnabled">1</value>
        <value type="string" key="slowLogFilePath">STS-KEV-NB-0005-slow.log</value>
        <value type="string" key="sys.config.path">%ProgramFiles%\MySQL\MySQL Server 5.0\my.ini</value>
        <value type="string" key="sys.config.section">mysqld</value>
        <value type="string" key="sys.mysqld.service_name">MySQL</value>
        <value type="string" key="sys.mysqld.start">sc start mysql</value>
        <value type="string" key="sys.mysqld.stop">sc stop mysql</value>
        <value type="string" key="sys.system">Windows</value>
        <value type="int" key="sys.usesudo">1</value>
        <value type="int" key="sys.usesudostatus">0</value>
        <value type="int" key="windowsAdmin">1</value>
      </value>
      <value type="string" key="name">JobLocal</value>
    </value>
    <value type="object" struct-name="db.mgmt.ServerInstance" id="{BAFFF627-01BE-4C10-BB1C-206EB57DB5BC}" struct-checksum="0x367436e2">
      <link type="object" struct-name="db.mgmt.Connection" key="connection">{E14F23D2-AA4A-45A1-81DB-DFBE9296ADFD}</link>
      <value _ptr_="0BA4B2C8" type="dict" key="loginInfo">
        <value type="string" key="ssh.hostName">dev.btcrelax.xyz</value>
        <value type="string" key="ssh.port">22</value>
        <value type="string" key="ssh.tunnelPort">22</value>
        <value type="string" key="ssh.userName">root</value>
      </value>
      <value _ptr_="0BA4B388" type="dict" key="serverInfo">
        <value type="string" key="basedir">/usr</value>
        <value type="string" key="datadir">/var/lib/mysql/</value>
        <value type="string" key="detected_os_name">Linux</value>
        <value type="string" key="detected_os_type">linux</value>
        <value type="string" key="detected_os_variant">Debian</value>
        <value type="string" key="detected_os_version">8.2</value>
        <value type="int" key="generalLogEnabled">1</value>
        <value type="string" key="generalLogFilePath">/var/log/mysql/mysql.log</value>
        <value type="string" key="logOutput">FILE</value>
        <value type="int" key="remoteAdmin">1</value>
        <value type="string" key="serverVersion">10.1.16-MariaDB</value>
        <value type="int" key="setupPending">0</value>
        <value type="string" key="slowLogFilePath">/var/lib/mysql/dev-slow.log</value>
        <value type="string" key="sys.config.path">/etc/mysql/my.cnf</value>
        <value type="string" key="sys.config.section">mysqld</value>
        <value type="string" key="sys.mysqld.start">start mysql</value>
        <value type="string" key="sys.mysqld.stop">stop mysql</value>
        <value type="string" key="sys.preset">Ubuntu Linux (MySQL Package)</value>
        <value type="string" key="sys.sudo"></value>
        <value type="string" key="sys.system">Linux</value>
        <value type="int" key="sys.usesu">1</value>
        <value type="int" key="sys.usesudo">1</value>
        <value type="int" key="sys.usesudostatus">0</value>
      </value>
      <value type="string" key="name">dev</value>
    </value>
    <value type="object" struct-name="db.mgmt.ServerInstance" id="{4A930891-8F98-4DEF-86E8-4A425CA29C5F}" struct-checksum="0x367436e2">
      <link type="object" struct-name="db.mgmt.Connection" key="connection">{914E4D2A-4351-4981-8666-DD762DA76531}</link>
      <value _ptr_="0BA4B148" type="dict" key="loginInfo">
        <value type="string" key="ssh.hostName"></value>
        <value type="string" key="ssh.key">C:\Users\VGluhov\AppData\Roaming/.ssh/ssh_private_key</value>
        <value type="string" key="ssh.localPort">3306</value>
        <value type="int" key="ssh.useKey">0</value>
        <value type="string" key="ssh.userName">mysql</value>
      </value>
      <value _ptr_="0BA4B3C8" type="dict" key="serverInfo">
        <value type="string" key="basedir">D:/xampp/mysql</value>
        <value type="string" key="datadir">D:\xampp\mysql\data\</value>
        <value type="string" key="errorLogFilePath">mysql_error.log</value>
        <value type="string" key="generalLogFilePath">STS-KEV-NB-0005.log</value>
        <value type="string" key="serverVersion">10.1.13-MariaDB</value>
        <value type="int" key="setupPending">1</value>
        <value type="string" key="slowLogFilePath">STS-KEV-NB-0005-slow.log</value>
        <value type="string" key="sys.config.path">%ProgramFiles%\MySQL\MySQL Server 5.0\my.ini</value>
        <value type="string" key="sys.config.section">mysqld</value>
        <value type="string" key="sys.mysqld.service_name">MySQL</value>
        <value type="string" key="sys.mysqld.start">sc start mysql</value>
        <value type="string" key="sys.mysqld.stop">sc stop mysql</value>
        <value type="string" key="sys.system">Windows</value>
        <value type="int" key="sys.usesudo">1</value>
        <value type="int" key="sys.usesudostatus">0</value>
        <value type="int" key="windowsAdmin">1</value>
      </value>
      <value type="string" key="name">loclhost</value>
    </value>
    <value type="object" struct-name="db.mgmt.ServerInstance" id="{7435AC29-A426-41AF-8E7F-4FD448392813}" struct-checksum="0x367436e2">
      <link type="object" struct-name="db.mgmt.Connection" key="connection">{D9AAAB1B-3B35-4953-9388-F5F75B0A2D43}</link>
      <value _ptr_="0BA4B7C8" type="dict" key="loginInfo"/>
      <value _ptr_="0BA4B488" type="dict" key="serverInfo">
        <value type="string" key="serverVersion">10.1.16-MariaDB</value>
        <value type="int" key="setupPending">0</value>
        <value type="string" key="sys.sudo"></value>
      </value>
      <value type="string" key="name">Ident</value>
    </value>
    <value type="object" struct-name="db.mgmt.ServerInstance" id="{DE029887-851C-401F-AFAB-81ABAE0697CE}" struct-checksum="0x367436e2">
      <link type="object" struct-name="db.mgmt.Connection" key="connection">{6608A514-660C-4ABA-A166-B0766ECC7F0D}</link>
      <value _ptr_="0BA4B108" type="dict" key="loginInfo"/>
      <value _ptr_="0BA4B808" type="dict" key="serverInfo">
        <value type="int" key="setupPending">0</value>
        <value type="string" key="sys.sudo"></value>
      </value>
      <value type="string" key="name">BtcRelax/ProdFastFen</value>
    </value>
    <value type="object" struct-name="db.mgmt.ServerInstance" id="{20359BB6-E4C9-4BDD-B58D-8724234744E0}" struct-checksum="0x367436e2">
      <link type="object" struct-name="db.mgmt.Connection" key="connection">{102001FF-3C6F-4A2F-8785-3B2340FFDFC9}</link>
      <value _ptr_="0BA4B888" type="dict" key="loginInfo"/>
      <value _ptr_="0BA4B408" type="dict" key="serverInfo">
        <value type="int" key="setupPending">0</value>
        <value type="string" key="sys.sudo"></value>
      </value>
      <value type="string" key="name">SMBP</value>
    </value>
    <value type="object" struct-name="db.mgmt.ServerInstance" id="{2FF4E176-EEAA-4EE7-93B8-0786881E18B9}" struct-checksum="0x367436e2">
      <link type="object" struct-name="db.mgmt.Connection" key="connection">{C3009320-80FE-4DB7-9ED4-6FB8C2595250}</link>
      <value _ptr_="0BA4B188" type="dict" key="loginInfo"/>
      <value _ptr_="0BA4B8C8" type="dict" key="serverInfo">
        <value type="int" key="setupPending">0</value>
        <value type="string" key="sys.sudo"></value>
      </value>
      <value type="string" key="name">BtcRelax/ProdBitganj</value>
    </value>
  </value>
</data>
